;timestamp;state;settlement_price;open_interest;min_price;max_price;mark_price;last_price;instrument_name;index_price;funding_8h;estimated_delivery_price;current_funding;best_bid_price;best_bid_amount;best_ask_price;best_ask_amount;stats.volume_usd;stats.volume;stats.price_change;stats.low;stats.high;underlying_price;underlying_index;mark_iv;interest_rate;bid_iv;ask_iv;greeks.vega;greeks.theta;greeks.rho;greeks.gamma;greeks.delta;t;strike;expiration;m
BTC-24JUN22-30000-C;1649518262006;open;0.31682839;180.7;0.0001;0.8175;0.317781;0.351;BTC-24JUN22-30000-C;42364.53;;42364.53;;0.297;12.0;0.35;9.0;;9.2;0.0;0.351;0.351;42691.71;BTC-24JUN22;73.06;0.0;0.0;104.91;36.54243;-17.63703;50.66063;1e-05;0.89005;75.0;30000.0;1.6560648e+18;0.7079813092934346
BTC-22APR22-35000-P;1649518262008;open;0.00125102;519.9;0.0001;0.5025;0.00266109;0.002;BTC-22APR22-35000-P;42364.53;;42364.53;;0.0;0.0;0.003;11.4;;36.0;0.0;0.002;0.002;42368.89;BTC-22APR22;64.8;0.0;0.0;66.5;8.18598;-20.90578;-0.77998;2e-05;-0.0503;12.0;35000.0;1.6506216e+18;0.8259781941756738
BTC-24JUN22-55000-C;1649518262009;open;0.06916726;424.8;0.0001;0.5525;0.05291591;0.0685;BTC-24JUN22-55000-C;42364.53;;42364.53;;0.0525;8.2;0.0;0.0;;;;;;42690.92;BTC-24JUN22;76.14;0.0;75.88;0.0;66.40029;-33.40092;20.86985;2e-05;0.28867;75.0;55000.0;1.6560648e+18;1.2979657337046302
BTC-30SEP22-300000-C;1649518262006;open;0.00257102;470.6;0.0001;0.501;0.0014399;0.0015;BTC-30SEP22-300000-C;42364.53;;42364.53;;0.0015;0.9;0.0;0.0;;;;;;43444.68;BTC-30SEP22;100.96;0.0;101.36;0.0;6.29691;-1.83005;1.27851;0.0;0.00762;173.0;300000.0;1.664532e+18;7.079813092934346
BTC-30SEP22-60000-P;1649518262007;open;0.48188267;288.1;0.0001;0.959;0.45926751;0.3775;BTC-30SEP22-60000-P;42364.53;;42364.53;;0.0;0.0;0.6815;0.1;;10.0;297.3684;0.095;0.3775;43444.68;BTC-30SEP22;67.63;0.0;0.0;150.02;107.61579;-20.95134;-234.86217;2e-05;-0.67681;173.0;60000.0;1.664532e+18;1.4159626185868692
BTC-30SEP22-50000-C;1649518262006;open;0.15789562;671.8;0.0001;0.63;0.13007116;0.141;BTC-30SEP22-50000-C;42364.53;;42364.53;;0.1295;0.9;0.131;0.6;;;;;;43444.68;BTC-30SEP22;67.05;0.0;66.84;67.39;119.24489;-23.01663;70.49514;2e-05;0.47107;173.0;50000.0;1.664532e+18;1.1799688488223912
BTC-24JUN22-25000-C;1649518262006;open;0.44615977;119.5;0.0001;0.923;0.42305079;0.4005;BTC-24JUN22-25000-C;42364.53;;42364.53;;0.4005;10.0;0.447;10.0;;42.9;-10.2018;0.001;0.446;42691.71;BTC-24JUN22;79.97;0.0;0.0;116.58;19.82865;-10.47524;46.7096;1e-05;0.95069;75.0;25000.0;1.6560648e+18;0.5899844244111956
BTC-11APR22-46000-C;1649518262008;open;;0.0;0.0001;0.503;0.00336556;;BTC-11APR22-46000-C;42364.53;;42364.53;;0.0;0.0;0.0005;12.0;;;;;;42368.64209074;SYN.BTC-11APR22;95.99;0.0;0.0;63.7;5.40887;-142.5942;0.2084;7e-05;0.1098;1.0;46000.0;1.6496712e+18;1.0855713409166
BTC-29APR22-40000-P;1649518262008;open;0.02637318;300.8;0.0001;0.527;0.02723725;0.0265;BTC-29APR22-40000-P;42364.53;;42364.53;;0.027;2.2;0.028;12.0;;26.0;-10.1695;0.022;0.0295;42431.82;BTC-29APR22;56.56;0.0;56.25;57.48;34.43092;-49.45699;-7.5644;6e-05;-0.30327;19.0;40000.0;1.6512264e+18;0.9439750790579129
BTC-30SEP22-80000-C;1649518262007;open;0.05872234;274.5;0.0001;0.5575;0.05790168;0.053;BTC-30SEP22-80000-C;42364.53;;42364.53;;0.0525;22.8;0.064;24.9;;;;;;43444.68;BTC-30SEP22;84.19;0.0;81.52;87.1;89.50988;-21.69405;34.20667;1e-05;0.22337;173.0;80000.0;1.664532e+18;1.8879501581158258
BTC-30SEP22-50000-P;1649518262006;open;0.30492401;331.1;0.0001;0.7805;0.28097331;0.5015;BTC-30SEP22-50000-P;42364.53;;42364.53;;0.248;29.5;0.0;0.0;;4.3;100.6;0.248;0.502;43444.68;BTC-30SEP22;67.05;0.0;54.97;0.0;119.24489;-23.01663;-167.43199;2e-05;-0.52893;173.0;50000.0;1.664532e+18;1.1799688488223912
BTC-30DEC22-50000-P;1649518263013;open;0.30050467;179.3;0.0001;0.802;0.30247628;0.131;BTC-30DEC22-50000-P;42365.76;;42365.76;;0.2515;7.0;0.0;0.0;;2.1;-54.9828;0.131;0.291;44081.38;BTC-30DEC22;64.07;0.0;49.05;0.0;149.62497;-18.10881;-251.187;2e-05;-0.4833;264.0;50000.0;1.6723944e+18;1.1799688488223912
BTC-30DEC22-25000-C;1649518263016;open;0.47965386;126.3;0.0001;0.9775;0.47793046;0.5115;BTC-30DEC22-25000-C;42365.76;;42365.76;;0.451;12.0;0.0;0.0;;24.0;0.0;0.5115;0.5115;44082.61;BTC-30DEC22;73.27;0.0;54.26;0.0;71.0684;-9.83703;131.39095;1e-05;0.88895;264.0;25000.0;1.6723944e+18;0.5899844244111956
BTC-29APR22-45000-P;1649518263015;open;0.0862552;139.5;0.0001;0.586;0.08600432;0.0865;BTC-29APR22-45000-P;42365.76;;42365.76;;0.083;12.0;0.088;6.9;;41.4;18.4932;0.073;0.0865;42432.28;BTC-29APR22;52.45;0.0;48.89;54.81;35.97419;-47.92567;-17.14784;7e-05;-0.66326;19.0;45000.0;1.6512264e+18;1.061971963940152
BTC-30SEP22-250000-C;1649518263013;open;0.00268664;194.7;0.0001;0.501;0.00121343;0.0015;BTC-30SEP22-250000-C;42365.76;;42365.76;;0.001;3.7;0.0;0.0;;180.0;0.0;0.0015;0.0015;43444.09;BTC-30SEP22;91.52;0.0;89.82;0.0;5.85363;-1.54219;1.20011;0.0;0.00702;173.0;250000.0;1.664532e+18;5.899844244111955
BTC-27MAY22-55000-C;1649518263016;open;0.0304239;18.9;0.0001;0.5125;0.01253166;0.0335;BTC-27MAY22-55000-C;42365.76;;42365.76;;0.012;12.0;0.013;12.0;;;;;;42514.34;BTC-27MAY22;57.95;0.0;57.24;58.55;32.5723;-19.79022;6.54525;2e-05;0.13037;47.0;55000.0;1.6536456e+18;1.2979657337046302
BTC-29APR22-60000-P;1649518263015;open;0.41738269;27.5;0.0001;0.9205;0.4207764;0.0005;BTC-29APR22-60000-P;42365.76;;42365.76;;0.0005;0.1;0.0;0.0;;1.0;0.0;0.0005;0.0005;42432.28;BTC-29APR22;95.73;0.0;0.0;0.0;13.79737;-33.54454;-30.82424;1e-05;-0.92607;19.0;60000.0;1.6512264e+18;1.4159626185868692
BTC-30DEC22-100000-C;1649518263014;open;0.05939856;409.1;0.0001;0.5585;0.05895895;0.062;BTC-30DEC22-100000-C;42365.76;;42365.76;;0.0335;0.8;0.0;0.0;;;;;;44082.61;BTC-30DEC22;81.63;0.0;69.86;0.0;106.05045;-16.35268;46.05841;1e-05;0.20304;264.0;100000.0;1.6723944e+18;2.3599376976447823
BTC-24JUN22-150000-P;1649518263013;open;2.52747001;61.7;2.036;3.0355;2.53592548;2.803;BTC-24JUN22-150000-P;42365.76;;42365.76;;0.0005;0.1;0.0;0.0;;;;;;42690.89;BTC-24JUN22;160.0;0.0;0.0;0.0;30.73933;-32.49108;-305.33373;1e-05;-0.91316;75.0;150000.0;1.6560648e+18;3.539906546467173
BTC-24JUN22-70000-C;1649518263375;open;0.21478302;1505.1;0.0001;0.5265;0.0265565;0.0085;BTC-24JUN22-70000-C;42365.76;;42365.76;;0.0075;12.0;0.0085;3.9;;62.3;-62.2222;0.008;0.0225;42692.02;BTC-24JUN22;88.08;0.0;65.2;66.88;45.51954;-26.48578;11.01248;1e-05;0.15095;75.0;70000.0;1.6560648e+18;1.6519563883513475
BTC-15APR22-50000-P;1649518263013;open;0.17809466;51.9;0.0001;0.68;0.1803379;0.023;BTC-15APR22-50000-P;42365.76;;42365.76;;0.0;0.0;0.7775;4.0;;1.0;0.0;0.023;0.023;42377.01;BTC-15APR22;60.62;0.0;0.0;500.0;2.10012;-11.1939;-7.68826;1e-05;-0.98415;5.0;50000.0;1.6500168e+18;1.1799688488223912
BTC-22APR22-50000-C;1649518263013;open;0.00298506;97.4;0.0001;0.5015;0.001854;0.0015;BTC-22APR22-50000-C;42365.76;;42365.76;;0.0015;12.0;0.002;2.8;;94.7;-62.5;0.0015;0.004;42368.83;BTC-22APR22;51.82;0.0;49.81;52.6;7.86983;-16.07367;0.67785;2e-05;0.04788;12.0;50000.0;1.6506216e+18;1.1799688488223912
BTC-11APR22-44000-P;1649518263014;open;;0.0;0.0001;0.55;0.05011849;;BTC-11APR22-44000-P;42365.76;;42365.76;;0.0;0.0;0.0635;0.1;;;;;;42367.85207465;SYN.BTC-11APR22;95.99;0.0;0.0;149.92;9.89553;-281.54513;-1.48379;0.00012;-0.7077;1.0;44000.0;1.6496712e+18;1.0383725869637042
BTC-22APR22-40000-P;1649518263013;open;0.00934917;101.0;0.0001;0.5175;0.01786044;0.016;BTC-22APR22-40000-P;42365.76;;42365.76;;0.0;0.0;0.018;12.0;;17.1;3100.0;0.0005;0.017;42368.83;BTC-22APR22;54.98;0.0;0.0;55.19;26.1216;-56.59585;-4.24044;8e-05;-0.27008;12.0;40000.0;1.6506216e+18;0.9439750790579129
BTC-30DEC22-60000-P;1649518264022;open;0.5000677;133.7;0.0001;0.9825;0.48279593;0.7545;BTC-30DEC22-60000-P;42367.16;;42367.16;;0.01;12.0;0.0;0.0;;8.0;83.1311;0.412;0.7555;44084.16;BTC-30DEC22;67.21;0.0;0.0;0.0;145.07228;-18.4197;-346.00826;2e-05;-0.59961;264.0;60000.0;1.6723944e+18;1.4159626185868692
BTC-27MAY22-25000-P;1649518264020;open;0.00263706;10.8;0.0001;0.5025;0.00263328;0.005;BTC-27MAY22-25000-P;42367.16;;42367.16;;0.0;0.0;0.0;0.0;;;;;;42514.42;BTC-27MAY22;78.82;0.0;0.0;0.0;8.19655;-6.77427;-1.39178;0.0;-0.02242;47.0;25000.0;1.6536456e+18;0.5899844244111956
BTC-24JUN22-40000-C;1649518264021;open;0.1444134;1005.6;0.0001;0.6475;0.14752493;0.1475;BTC-24JUN22-40000-C;42367.16;;42367.16;;0.0;0.0;0.1495;10.7;;73.8;-0.6734;0.1475;0.1485;42693.42;BTC-24JUN22;64.61;0.0;0.0;65.76;72.46569;-30.93056;43.93111;3e-05;0.64379;75.0;40000.0;1.6560648e+18;0.9439750790579129
BTC-22APR22-46000-P;1649518264020;open;0.07373429;100.8;0.0001;0.5955;0.09574596;0.164;BTC-22APR22-46000-P;42367.16;;42367.16;;0.06;0.2;0.164;0.1;;28.9;173.3333;0.06;0.164;42369.99;BTC-22APR22;49.94;0.0;0.0;150.35;22.21444;-43.72441;-13.1693;7e-05;-0.7985;12.0;46000.0;1.6506216e+18;1.0855713409166
BTC-22APR22-42000-P;1649518264020;open;0.02047002;46.2;0.0001;0.534;0.03439653;0.033;BTC-22APR22-42000-P;42367.16;;42367.16;;0.0335;2.2;0.0345;3.2;;31.2;34.6939;0.0005;0.033;42369.99;BTC-22APR22;52.14;0.0;50.94;52.29;31.21136;-64.13087;-7.05686;0.0001;-0.44479;12.0;42000.0;1.6506216e+18;0.9911738330108085
BTC-30DEC22-50000-C;1649518264020;open;0.16878852;429.7;0.0001;0.668;0.16822015;0.1805;BTC-30DEC22-50000-C;42367.16;;42367.16;;0.0;0.0;0.1805;6.5;;1.4;0.0;0.1805;0.1805;44082.76;BTC-30DEC22;64.07;0.0;0.0;67.69;149.6293;-18.10934;111.40497;2e-05;0.51673;264.0;50000.0;1.6723944e+18;1.1799688488223912
BTC-11APR22-43000-P;1649518264022;open;;100.0;0.0001;0.521;0.02114758;0.0401;BTC-11APR22-43000-P;42367.16;;42367.16;;0.0195;1.6;0.021;2.6;;400.0;4.1558;0.0385;0.0405;42369.09688924;SYN.BTC-11APR22;45.0;0.0;38.08;44.39;10.29936;-137.3813;-1.373;0.00028;-0.68006;1.0;43000.0;1.6496712e+18;1.0147732099872564
BTC-24JUN22-55000-P;1649518264020;open;0.3542254;124.7;0.0001;0.841;0.34124389;0.358;BTC-24JUN22-55000-P;42367.16;;42367.16;;0.288;10.0;0.358;0.1;;14.1;24.0901;0.2885;0.358;42692.02;BTC-24JUN22;76.14;0.0;0.0;86.61;66.40475;-33.40316;-93.17652;2e-05;-0.71131;75.0;55000.0;1.6560648e+18;1.2979657337046302
BTC-15APR22-48000-P;1649518264020;open;0.13323071;73.1;0.0001;0.633;0.13333336;0.05;BTC-15APR22-48000-P;42367.16;;42367.16;;0.0;0.0;0.731;4.0;;1.0;0.0;0.05;0.05;42378.47;BTC-15APR22;50.99;0.0;0.0;500.0;3.30771;-14.82965;-7.30384;2e-05;-0.9729;5.0;48000.0;1.6500168e+18;1.1327700948694954
BTC-27MAY22-30000-C;1649518264022;open;0.30419786;135.3;0.0001;0.802;0.30224717;0.3905;BTC-27MAY22-30000-C;42367.16;;42367.16;;0.0005;0.1;0.0;0.0;;;;;;42514.42;BTC-27MAY22;69.51;0.0;0.0;0.0;19.51097;-14.22091;35.13857;1e-05;0.93489;47.0;30000.0;1.6536456e+18;0.7079813092934346
BTC-22APR22-60000-C;1649518264020;open;0.0005812;104.6;0.0001;0.5;0.00031992;0.001;BTC-22APR22-60000-C;42367.16;;42367.16;;0.0;0.0;0.0005;12.0;;;;;;42369.99;BTC-22APR22;74.35;0.0;0.0;78.38;1.60407;-4.70046;0.1033;0.0;0.00733;12.0;60000.0;1.6506216e+18;1.4159626185868692
BTC-29APR22-45000-C;1649518265027;open;0.02805936;550.6;0.0001;0.525;0.02549156;0.0255;BTC-29APR22-45000-C;42367.01;;42367.01;;0.025;12.2;0.026;6.4;;29.5;-33.7662;0.0255;0.0385;42433.25;BTC-29APR22;52.45;0.0;51.88;53.06;35.97786;-47.93056;7.12513;7e-05;0.33681;19.0;45000.0;1.6512264e+18;1.061971963940152
BTC-30SEP22-200000-C;1649518265027;open;0.00639786;168.4;0.0001;0.502;0.00220942;0.0025;BTC-30SEP22-200000-C;42367.01;;42367.01;;0.0015;7.0;0.0;0.0;;108.0;0.0;0.0025;0.0025;43447.0;BTC-30SEP22;87.19;0.0;83.59;0.0;9.77976;-2.45477;2.15261;0.0;0.01262;173.0;200000.0;1.664532e+18;4.719875395289565
BTC-30SEP22-40000-C;1649518265029;open;0.20181544;537.3;0.0001;0.707;0.20745475;0.233;BTC-30SEP22-40000-C;42367.01;;42367.01;;0.176;1.7;0.245;91.6;;;;;;43446.85;BTC-30SEP22;62.87;0.0;50.45;77.73;110.0417;-19.91656;93.17693;2e-05;0.65816;173.0;40000.0;1.664532e+18;0.9439750790579129
BTC-31MAR23-150000-P;1649518265028;open;2.37816064;1.0;1.8805;2.88;2.3803649;2.1285;BTC-31MAR23-150000-P;42367.01;;42367.01;;0.0;0.0;0.0;0.0;;;;;;44685.37;BTC-31MAR23;72.59;0.0;0.0;0.0;72.51856;-7.40033;-1432.09551;1e-05;-0.9085;355.0;150000.0;1.6802568e+18;3.539906546467173
BTC-31MAR23-55000-C;1649518265029;open;0.20472724;0.1;0.0001;0.7035;0.20351621;0.223;BTC-31MAR23-55000-C;42367.01;;42367.01;;0.0;0.0;0.0;0.0;;;;;;44685.37;BTC-31MAR23;71.15;0.0;0.0;0.0;175.70895;-17.57455;138.73733;1e-05;0.52213;355.0;55000.0;1.6802568e+18;1.2979657337046302
BTC-24JUN22-35000-C;1649518266034;open;0.2177709;348.4;0.0001;0.7195;0.21963708;0.221;BTC-24JUN22-35000-C;42367.39;;42367.39;;0.0;0.0;0.227;3.2;;31.5;-18.1481;0.221;0.27;42692.94;BTC-24JUN22;64.61;0.0;0.0;70.2;55.30453;-23.60566;50.89904;2e-05;0.79458;75.0;35000.0;1.6560648e+18;0.8259781941756738
BTC-30SEP22-100000-C;1649518266036;open;0.03168329;196.8;0.0001;0.5285;0.02898751;0.0145;BTC-30SEP22-100000-C;42367.39;;42367.39;;0.013;12.0;0.0;0.0;;11.0;0.0;0.0145;0.0145;43447.02;BTC-30SEP22;84.19;0.0;70.77;0.0;62.07564;-15.04496;20.07838;1e-05;0.1261;173.0;100000.0;1.664532e+18;2.3599376976447823
BTC-30SEP22-300000-P;1649518266034;open;5.88474138;9.8;5.335;6.601;5.90640497;6.195;BTC-30SEP22-300000-P;42367.39;;42367.39;;0.0005;0.1;0.0;0.0;;;;;;43447.02;BTC-30SEP22;100.96;0.0;0.0;0.0;6.29843;-1.83049;-1426.28394;0.0;-0.99237;173.0;300000.0;1.664532e+18;7.079813092934346
BTC-30DEC22-45000-P;1649518266034;open;0.2366768;190.4;0.0001;0.7375;0.23773147;0.2365;BTC-30DEC22-45000-P;42367.39;;42367.39;;0.236;0.3;0.242;0.3;;1.0;0.0;0.2365;0.2365;44084.13;BTC-30DEC22;67.09;0.0;66.57;68.39;145.16958;-18.39847;-204.32704;2e-05;-0.40142;264.0;45000.0;1.6723944e+18;1.061971963940152
BTC-30SEP22-25000-C;1649518266034;open;0.45381147;67.0;0.0001;0.954;0.45424683;0.0005;BTC-30SEP22-25000-C;42367.39;;42367.39;;0.0;0.0;0.483;11.0;;20.9;0.0;0.0005;0.0005;43447.02;BTC-30SEP22;76.4;0.0;0.0;98.45;50.54872;-11.11708;93.24714;1e-05;0.90527;173.0;25000.0;1.664532e+18;0.5899844244111956
BTC-11APR22-40000-C;1649518266036;open;;0.0;0.0001;0.5565;0.05664541;;BTC-11APR22-40000-C;42367.39;;42367.39;;0.0;0.0;0.0;0.0;;;;;;42370.36761969;SYN.BTC-11APR22;51.35;0.0;0.0;0.0;2.86583;-43.62311;1.75358;7e-05;0.9522;1.0;40000.0;1.6496712e+18;0.9439750790579129
BTC-31MAR23-25000-C;1649518266034;open;0.52031034;0.0;0.0195;1.019;0.51905275;;BTC-31MAR23-25000-C;42367.39;;42367.39;;0.0;0.0;0.0;0.0;;;;;;44685.27;BTC-31MAR23;81.21;0.0;0.0;0.0;93.43396;-10.66688;152.71699;1e-05;0.86976;355.0;25000.0;1.6802568e+18;0.5899844244111956
BTC-29APR22-50000-P;1649518266035;open;0.18600218;163.5;0.0001;0.6855;0.18551651;0.254;BTC-29APR22-50000-P;42367.39;;42367.39;;0.0155;10.0;0.254;0.1;;10.2;159.1837;0.098;0.2555;42432.9;BTC-29APR22;56.52;0.0;0.0;147.78;19.49203;-27.97956;-24.43005;4e-05;-0.8819;19.0;50000.0;1.6512264e+18;1.1799688488223912
BTC-29APR22-60000-C;1649518266034;open;0.00645491;1303.9;0.0001;0.5065;0.00674552;0.007;BTC-29APR22-60000-C;42367.39;;42367.39;;0.007;753.8;0.0;0.0;;5.1;0.0;0.007;0.007;42432.9;BTC-29APR22;95.73;0.0;96.5;0.0;13.79888;-33.54822;1.53784;1e-05;0.07394;19.0;60000.0;1.6512264e+18;1.4159626185868692
BTC-31MAR23-30000-C;1649518266036;open;0.45529021;10.8;0.0001;0.9535;0.45397714;0.486;BTC-31MAR23-30000-C;42367.39;;42367.39;;0.391;12.0;0.0;0.0;;;;;;44685.27;BTC-31MAR23;81.21;0.0;56.51;0.0;117.60118;-13.42593;157.36811;1e-05;0.81537;355.0;30000.0;1.6802568e+18;0.7079813092934346
BTC-24JUN22-65000-P;1649518267042;open;0.56563682;133.3;0.06;1.0595;0.55961061;0.86;BTC-24JUN22-65000-P;42367.19;;42367.19;;0.001;2.0;0.0;0.0;;;;;;42693.17;BTC-24JUN22;88.08;0.0;0.0;0.0;54.15791;-31.51206;-120.5099;2e-05;-0.80164;75.0;65000.0;1.6560648e+18;1.5339595034691085
BTC-15APR22-45000-P;1649518267042;open;0.07061382;58.1;0.0001;0.5665;0.06655429;0.0645;BTC-15APR22-45000-P;42367.19;;42367.19;;0.064;9.5;0.069;9.2;;40.5;48.2759;0.0435;0.0665;42378.7;BTC-15APR22;46.61;0.0;36.9;54.14;12.7679;-52.3246;-5.99857;0.0001;-0.84194;5.0;45000.0;1.6500168e+18;1.061971963940152
BTC-31MAR23-100000-C;1649518267042;open;0.04574815;250.0;0.0001;0.556;0.05634541;0.059;BTC-31MAR23-100000-C;42367.19;;42367.19;;0.0535;12.0;0.0585;3.6;;4.5;0.0;0.059;0.059;44685.67;BTC-31MAR23;68.77;0.0;67.72;69.55;122.92443;-11.88338;61.88571;1e-05;0.19846;355.0;100000.0;1.6802568e+18;2.3599376976447823
BTC-24JUN22-150000-C;1649518267042;open;0.022766;380.2;0.0001;0.522;0.02236464;0.001;BTC-24JUN22-150000-C;42367.19;;42367.19;;0.0005;12.0;0.0;0.0;;24.0;0.0;0.001;0.001;42693.17;BTC-24JUN22;160.0;0.0;96.47;0.0;30.74404;-32.49606;5.70896;1e-05;0.08685;75.0;150000.0;1.6560648e+18;3.539906546467173
BTC-15APR22-60000-P;1649518267045;open;0.41284579;4.0;0.0001;0.916;0.41614236;0.0705;BTC-15APR22-60000-P;42367.19;;42367.19;;0.062;4.0;1.012;0.3;;1.0;0.0;0.0705;0.0705;42378.5;BTC-15APR22;111.67;0.0;0.0;500.0;1.11577;-10.95496;-9.29984;0.0;-0.99234;5.0;60000.0;1.6500168e+18;1.4159626185868692
BTC-22APR22-48000-P;1649518267042;open;0.11265253;85.7;0.0001;0.6365;0.13699376;0.1945;BTC-22APR22-48000-P;42367.19;;42367.19;;0.0;0.0;0.1965;0.1;;30.8;80.9302;0.1;0.196;42371.15;BTC-22APR22;49.94;0.0;0.0;149.97;13.65954;-26.88592;-15.3018;4e-05;-0.90201;12.0;48000.0;1.6506216e+18;1.1327700948694954
BTC-27MAY22-30000-P;1649518267042;open;0.00856425;370.8;0.0001;0.5075;0.0079075;0.0005;BTC-27MAY22-30000-P;42367.19;;42367.19;;0.0;0.0;0.0075;0.3;;1.0;0.0;0.0005;0.0005;42515.98;BTC-27MAY22;69.51;0.0;0.0;68.62;19.50738;-14.21829;-4.05504;1e-05;-0.0651;47.0;30000.0;1.6536456e+18;0.7079813092934346
BTC-30DEC22-200000-C;1649518267042;open;0.02251437;140.3;0.0001;0.5165;0.01651756;0.007;BTC-30DEC22-200000-C;42367.19;;42367.19;;0.006;9.7;0.07;6.0;;12.4;0.0;0.007;0.007;44084.34;BTC-30DEC22;92.44;0.0;79.3;124.19;46.63743;-8.14355;14.96033;0.0;0.06331;264.0;200000.0;1.6723944e+18;4.719875395289565
BTC-27MAY22-50000-P;1649518267043;open;0.22381561;84.9;0.0001;0.7035;0.20365579;0.207;BTC-27MAY22-50000-P;42367.19;;42367.19;;0.2;3.2;0.208;3.2;;17.5;3.5;0.2;0.207;42515.98;BTC-27MAY22;57.2;0.0;53.95;60.93;48.62302;-29.16055;-53.08472;4e-05;-0.75203;47.0;50000.0;1.6536456e+18;1.1799688488223912
BTC-30DEC22-150000-C;1649518267045;open;0.02658135;94.7;0.0001;0.526;0.02634518;0.0175;BTC-30DEC22-150000-C;42367.19;;42367.19;;0.012;7.5;0.0;0.0;;;;;;44084.34;BTC-30DEC22;86.82;0.0;75.04;0.0;65.45196;-10.73409;23.26009;1e-05;0.0991;264.0;150000.0;1.6723944e+18;3.539906546467173
BTC-30DEC22-20000-P;1649518267042;open;0.03986444;382.7;0.0001;0.5405;0.04050479;0.0215;BTC-30DEC22-20000-P;42367.19;;42367.19;;0.024;2.0;0.0;0.0;;137.5;2.381;0.021;0.0235;44084.54;BTC-30DEC22;91.47;0.0;77.35;0.0;55.88348;-9.6563;-38.56758;0.0;-0.08014;264.0;20000.0;1.6723944e+18;0.47198753952895645
BTC-11APR22-40000-P;1649518267044;open;;100.0;0.0001;0.5005;0.00070098;0.0098;BTC-11APR22-40000-P;42367.19;;42367.19;;0.0005;12.0;0.001;10.0;;350.0;-14.0351;0.0094;0.0114;42370.75056952;SYN.BTC-11APR22;51.35;0.0;48.1;55.36;2.86462;-29.70108;-0.09492;7e-05;-0.04778;1.0;40000.0;1.6496712e+18;0.9439750790579129
BTC-27MAY22-35000-P;1649518267042;open;0.0293253;179.6;0.0001;0.5245;0.02480805;0.0255;BTC-27MAY22-35000-P;42367.19;;42367.19;;0.0245;12.0;0.0;0.0;;50.3;6.25;0.024;0.0255;42515.98;BTC-27MAY22;65.56;0.0;65.23;0.0;39.43736;-27.1112;-11.03052;3e-05;-0.17377;47.0;35000.0;1.6536456e+18;0.8259781941756738
BTC-30DEC22-40000-C;1649518268048;open;0.27700244;696.6;0.0001;0.754;0.2544532;0.2305;BTC-30DEC22-40000-C;42367.25;;42367.25;;0.0;0.0;0.2785;12.0;;609.1;-15.6913;0.2305;0.2775;44084.38;BTC-30DEC22;64.05;0.0;0.0;71.91;135.28609;-16.36778;134.12169;1e-05;0.67399;264.0;40000.0;1.6723944e+18;0.9439750790579129
BTC-30SEP22-70000-C;1649518268048;open;0.07608573;280.0;0.0001;0.5645;0.0646444;0.048;BTC-30SEP22-70000-C;42367.25;;42367.25;;0.046;5.7;0.085;30.0;;11.4;0.0;0.048;0.048;43447.48;BTC-30SEP22;76.16;0.0;67.4;84.93;97.10749;-21.2916;40.27344;1e-05;0.25944;173.0;70000.0;1.664532e+18;1.6519563883513475
BTC-11APR22-39000-P;1649518268051;open;;0.5;0.0001;0.5045;0.00498024;0.005;BTC-11APR22-39000-P;42367.25;;42367.25;;0.005;29.5;0.0;0.0;;0.5;0.0;0.005;0.005;42370.54462115;SYN.BTC-11APR22;111.0;0.0;111.14;0.0;6.02589;-198.26837;-0.26025;7e-05;-0.12793;1.0;39000.0;1.6496712e+18;0.920375702081465
BTC-11APR22-47000-C;1649518268050;open;;0.0;0.0001;0.5015;0.00163816;;BTC-11APR22-47000-C;42367.25;;42367.25;;0.0;0.0;0.0005;12.0;;;;;;42370.54462115;SYN.BTC-11APR22;95.99;0.0;0.0;77.19;3.4221;-69.40967;0.11388;4e-05;0.0598;1.0;47000.0;1.6496712e+18;1.1091707178930477
BTC-24JUN22-25000-P;1649518268051;open;0.0302771;579.6;0.0001;0.5085;0.0086458;0.008;BTC-24JUN22-25000-P;42367.25;;42367.25;;0.0;0.0;0.009;0.6;;56.2;0.0;0.008;0.008;42693.43;BTC-24JUN22;79.97;0.0;0.0;80.72;19.82583;-10.47375;-5.12968;1e-05;-0.0493;75.0;25000.0;1.6560648e+18;0.5899844244111956
BTC-31MAR23-40000-C;1649518268050;open;0.35155055;25.7;0.0001;0.802;0.30244632;0.567;BTC-31MAR23-40000-C;42367.25;;42367.25;;0.35;0.3;0.355;5.7;;0.7;0.0;0.567;0.567;44685.51;BTC-31MAR23;67.34;0.0;81.15;82.62;155.37982;-14.70758;169.24544;1e-05;0.69111;355.0;40000.0;1.6802568e+18;0.9439750790579129
BTC-24JUN22-45000-P;1649518268051;open;0.11260522;312.4;0.0001;0.6135;0.11356617;0.12;BTC-24JUN22-45000-P;42367.25;;42367.25;;0.105;1.0;0.12;6.2;;;;;;42693.43;BTC-24JUN22;45.0;0.0;40.21;48.58;76.64144;-22.78379;-59.74704;5e-05;-0.56132;75.0;45000.0;1.6560648e+18;1.061971963940152
BTC-29APR22-50000-C;1649518268375;open;0.01022903;1790.1;0.0001;0.507;0.00719427;0.0055;BTC-29APR22-50000-C;42367.25;;42367.25;;0.0;0.0;0.006;11.9;;65.9;-75.0;0.0055;0.022;42432.68;BTC-29APR22;56.52;0.0;0.0;53.82;19.49102;-27.9781;2.538;4e-05;0.11809;19.0;50000.0;1.6512264e+18;1.1799688488223912
BTC-30SEP22-35000-C;1649518268048;open;0.28339323;469.1;0.0001;0.7845;0.28489747;0.196;BTC-30SEP22-35000-C;42367.25;;42367.25;;0.245;6.5;0.3275;11.0;;4.1;0.0;0.196;0.196;43447.48;BTC-30SEP22;69.48;0.0;50.5;88.87;94.19018;-18.83934;97.22037;2e-05;0.75514;173.0;35000.0;1.664532e+18;0.8259781941756738
BTC-24JUN22-60000-C;1649518268050;open;0.00505609;1310.4;0.0001;0.535;0.03513979;0.0465;BTC-24JUN22-60000-C;42367.25;;42367.25;;0.0465;2.7;0.0;0.0;;;;;;42693.43;BTC-24JUN22;76.14;0.0;84.42;0.0;55.95592;-28.14715;15.43842;2e-05;0.20953;75.0;60000.0;1.6560648e+18;1.4159626185868692
BTC-24JUN22-60000-P;1649518268050;open;0.40693769;150.0;0.0001;0.9405;0.4405168;0.428;BTC-24JUN22-60000-P;42367.25;;42367.25;;0.419;3.2;0.431;3.2;;6.5;7.4028;0.3985;0.428;42693.43;BTC-24JUN22;76.14;0.0;57.03;68.5;55.95592;-28.14715;-108.97825;2e-05;-0.79047;75.0;60000.0;1.6560648e+18;1.4159626185868692
BTC-30SEP22-75000-C;1649518268052;open;0.06265692;24.2;0.0001;0.552;0.05218909;0.0595;BTC-30SEP22-75000-C;42367.25;;42367.25;;0.041;0.7;0.0;0.0;;;;;;43447.48;BTC-30SEP22;76.16;0.0;70.44;0.0;88.45455;-19.39437;34.43806;1e-05;0.21876;173.0;75000.0;1.664532e+18;1.7699532732335865
BTC-22APR22-46000-C;1649518268048;open;0.01316543;35.4;0.0001;0.51;0.01005263;0.01;BTC-22APR22-46000-C;42367.25;;42367.25;;0.0095;12.0;0.0105;12.0;;2.3;0.0;0.01;0.01;42370.79;BTC-22APR22;49.94;0.0;48.88;50.79;22.21862;-43.73266;2.82039;7e-05;0.20156;12.0;46000.0;1.6506216e+18;1.0855713409166
BTC-27MAY22-40000-P;1649518269055;open;0.06881117;174.3;0.0001;0.5585;0.05868008;0.059;BTC-27MAY22-40000-P;42364.81;;42364.81;;0.058;12.0;0.0595;2.6;;6.4;0.0;0.059;0.059;42515.8;BTC-27MAY22;60.89;0.0;60.38;61.5;56.8801;-36.31538;-22.66236;4e-05;-0.34931;47.0;40000.0;1.6536456e+18;0.9439750790579129
BTC-22APR22-55000-C;1649518269056;open;0.00078752;118.7;0.0001;0.5;0.00039899;0.0005;BTC-22APR22-55000-C;42364.81;;42364.81;;0.0;0.0;0.0005;3.8;;12.0;0.0;0.0005;0.0005;42370.73;BTC-22APR22;59.54;0.0;0.0;61.29;2.26567;-5.31659;0.15433;1e-05;0.01088;12.0;55000.0;1.6506216e+18;1.2979657337046302
BTC-30DEC22-60000-C;1649518269056;open;0.14200833;514.2;0.0001;0.6215;0.12169598;0.1215;BTC-30DEC22-60000-C;42364.81;;42364.81;;0.0;0.0;0.123;2.3;;8.0;0.0;0.1215;0.1215;44082.04;BTC-30DEC22;67.21;0.0;0.0;67.61;145.06223;-18.41842;89.08296;2e-05;0.40035;264.0;60000.0;1.6723944e+18;1.4159626185868692
BTC-22APR22-44000-P;1649518269056;open;0.04183635;63.6;0.0001;0.56;0.06013475;0.056;BTC-22APR22-44000-P;42364.81;;42364.81;;0.0575;7.2;0.062;12.0;;16.4;0.0;0.056;0.056;42370.73;BTC-22APR22;49.94;0.0;46.14;52.6;29.55081;-58.16452;-10.31238;9e-05;-0.64008;12.0;44000.0;1.6506216e+18;1.0383725869637042
BTC-24JUN22-50000-C;1649518269058;open;0.05538506;918.9;0.0001;0.554;0.05406945;0.054;BTC-24JUN22-50000-C;42364.81;;42364.81;;0.0535;12.0;0.1355;126.2;;37.8;-31.2102;0.054;0.1355;42690.98;BTC-24JUN22;61.61;0.0;61.28;107.83;70.91671;-28.86285;24.97097;3e-05;0.33613;75.0;50000.0;1.6560648e+18;1.1799688488223912
BTC-11APR22-43000-C;1649518269058;open;;0.2;0.0001;0.506;0.0062681;0.005;BTC-11APR22-43000-C;42364.81;;42364.81;;0.0045;12.0;0.0055;3.8;;0.2;0.0;0.005;0.005;42370.60460495;SYN.BTC-11APR22;45.0;0.0;37.56;41.81;10.30532;-137.46089;0.61501;0.00028;0.32035;1.0;43000.0;1.6496712e+18;1.0147732099872564
BTC-15APR22-45000-C;1649518269057;open;0.01131373;115.5;0.0001;0.5045;0.00470002;0.005;BTC-15APR22-45000-C;42364.81;;42364.81;;0.0045;12.0;0.005;2.0;;48.0;-66.6667;0.005;0.016;42376.12;BTC-15APR22;46.61;0.0;45.97;47.63;12.75373;-52.26653;1.0109;0.0001;0.1578;5.0;45000.0;1.6500168e+18;1.061971963940152
BTC-15APR22-35000-C;1649518269058;open;0.17675425;410.0;0.0001;0.6745;0.17487809;0.2965;BTC-15APR22-35000-C;42364.81;;42364.81;;0.1065;8.0;0.297;8.0;;632.0;-7.3438;0.0005;0.32;42376.12;BTC-15APR22;77.11;0.0;0.0;442.2;2.66137;-18.0439;5.30985;1e-05;0.97907;5.0;35000.0;1.6500168e+18;0.8259781941756738
BTC-27MAY22-25000-C;1649518269055;open;0.41566507;0.0;0.0001;0.9145;0.41461448;;BTC-27MAY22-25000-C;42364.81;;42364.81;;0.0;0.0;0.0;0.0;;;;;;42515.8;BTC-27MAY22;78.82;0.0;0.0;0.0;8.19494;-6.77295;31.27075;0.0;0.97758;47.0;25000.0;1.6536456e+18;0.5899844244111956
BTC-24JUN22-250000-C;1649518269056;open;0.06441792;400.5;0.0001;0.504;0.00419988;0.0011;BTC-24JUN22-250000-C;42364.81;;42364.81;;0.0005;0.5;0.0;0.0;;;;;;42693.42;BTC-24JUN22;160.0;0.0;128.84;0.0;9.26406;-9.79199;1.36579;0.0;0.01963;75.0;250000.0;1.6560648e+18;5.899844244111955
BTC-11APR22-46000-P;1649518269058;open;;0.0;0.0001;0.589;0.08902883;;BTC-11APR22-46000-P;42364.81;;42364.81;;0.0;0.0;0.7335;4.0;;;;;;42370.60460495;SYN.BTC-11APR22;95.99;0.0;0.0;500.0;5.41384;-154.03713;-1.91717;7e-05;-0.89007;1.0;46000.0;1.6496712e+18;1.0855713409166
BTC-11APR22-41000-P;1649518269057;open;;300.0;0.0001;0.5025;0.00266583;0.017;BTC-11APR22-41000-P;42364.81;;42364.81;;0.0025;3.6;0.003;7.6;;1000.0;-1.7341;0.0163;0.0186;42370.60460495;SYN.BTC-11APR22;48.19;0.0;47.15;50.22;6.82966;-97.56097;-0.30646;0.00017;-0.15384;1.0;41000.0;1.6496712e+18;0.9675744560343607
BTC-30SEP22-250000-P;1649518269055;open;4.73782861;0.7;4.2555;5.334;4.75528746;4.884;BTC-30SEP22-250000-P;42364.81;;42364.81;;0.0005;0.1;0.0;0.0;;;;;;43447.66;BTC-30SEP22;91.52;0.0;0.0;0.0;5.85598;-1.54281;-1188.43502;0.0;-0.99298;173.0;250000.0;1.664532e+18;5.899844244111955
BTC-29APR22-25000-P;1649518270065;open;0.00044283;1471.7;0.0001;0.5;0.00042788;0.0005;BTC-29APR22-25000-P;42365.08;;42365.08;;0.0;0.0;0.0005;6.0;;;;;;42430.42;BTC-29APR22;94.14;0.0;0.0;95.93;1.60621;-3.84026;-0.14073;0.0;-0.00572;19.0;25000.0;1.6512264e+18;0.5899844244111956
BTC-24JUN22-35000-P;1649518270063;open;0.03553517;498.8;0.0001;0.539;0.0394381;0.026;BTC-24JUN22-35000-P;42365.08;;42365.08;;0.002;0.1;0.0365;0.9;;0.9;0.0;0.026;0.026;42691.08;BTC-24JUN22;64.61;0.0;25.83;62.31;55.30886;-23.6075;-21.68108;2e-05;-0.20546;75.0;35000.0;1.6560648e+18;0.8259781941756738
BTC-30DEC22-35000-C;1649518270063;open;0.33219354;2.3;0.0001;0.825;0.32520665;0.378;BTC-30DEC22-35000-C;42365.08;;42365.08;;0.2865;11.0;0.3715;11.0;;;;;;44082.23;BTC-30DEC22;68.88;0.0;54.28;86.06;118.31063;-15.39376;137.01933;1e-05;0.75383;264.0;35000.0;1.6723944e+18;0.8259781941756738
BTC-11APR22-47000-P;1649518270063;open;;0.0;0.0001;0.6105;0.11095838;;BTC-11APR22-47000-P;42365.08;;42365.08;;0.0;0.0;0.757;4.0;;;;;;42368.16458876;SYN.BTC-11APR22;95.99;0.0;0.0;500.0;3.41733;-97.23151;-2.05837;4e-05;-0.94031;1.0;47000.0;1.6496712e+18;1.1091707178930477
BTC-24JUN22-40000-P;1649518270064;open;0.07900114;554.1;0.0001;0.584;0.08446687;0.0845;BTC-24JUN22-40000-P;42365.08;;42365.08;;0.0835;3.9;0.0;0.0;;24.1;7.6433;0.0785;0.0845;42691.35;BTC-24JUN22;64.61;0.0;64.03;0.0;72.46658;-30.93094;-39.01877;3e-05;-0.35628;75.0;40000.0;1.6560648e+18;0.9439750790579129
BTC-30DEC22-30000-C;1649518271071;open;0.39797703;105.4;0.0001;0.892;0.39212393;0.432;BTC-30DEC22-30000-C;42363.97;;42363.97;;0.3625;11.0;0.0;0.0;;;;;;44081.55;BTC-30DEC22;68.88;0.0;54.53;0.0;95.42505;-12.41605;139.58912;1e-05;0.82879;264.0;30000.0;1.6723944e+18;0.7079813092934346
BTC-22APR22-42000-C;1649518271069;open;0.05212455;990.0;0.0001;0.543;0.04309933;0.043;BTC-22APR22-42000-C;42363.97;;42363.97;;0.042;9.8;0.044;12.0;;147.2;152.9412;0.0165;0.043;42368.87;BTC-22APR22;52.14;0.0;50.64;53.35;31.21171;-64.13159;7.54008;0.0001;0.5551;12.0;42000.0;1.6506216e+18;0.9911738330108085
BTC-27MAY22-55000-P;1649518271069;open;0.32176228;43.2;0.0001;0.806;0.3062377;0.28;BTC-27MAY22-55000-P;42363.97;;42363.97;;0.0;0.0;0.0;0.0;;;;;;42513.88;BTC-27MAY22;57.95;0.0;0.0;0.0;32.57005;-19.78886;-65.31219;2e-05;-0.86964;47.0;55000.0;1.6536456e+18;1.2979657337046302
BTC-31MAR23-45000-C;1649518271071;open;0.22665364;0.0;0.0001;0.725;0.22522863;;BTC-31MAR23-45000-C;42363.97;;42363.97;;0.0;0.0;0.0;0.0;;;;;;44681.33;BTC-31MAR23;58.69;0.0;0.0;0.0;169.32033;-13.97047;167.22315;1e-05;0.60928;355.0;45000.0;1.6802568e+18;1.061971963940152
BTC-30SEP22-55000-C;1649518271069;open;0.12690345;1925.0;0.0001;0.601;0.10111876;0.12;BTC-30SEP22-55000-C;42363.97;;42363.97;;0.0005;10.0;0.1015;12.0;;;;;;43446.01;BTC-30SEP22;67.48;0.0;15.2;67.62;115.16268;-22.37098;60.15634;2e-05;0.3921;173.0;55000.0;1.664532e+18;1.2979657337046302
BTC-31MAR23-40000-P;1649518271069;open;0.24367945;6.4;0.0001;0.6975;0.19762858;0.208;BTC-31MAR23-40000-P;42363.97;;42363.97;;0.195;0.4;0.207;1.0;;6.4;0.0;0.208;0.208;44681.33;BTC-31MAR23;67.34;0.0;66.58;70.03;155.3762;-14.70724;-220.56991;1e-05;-0.30894;355.0;40000.0;1.6802568e+18;0.9439750790579129
BTC-30DEC22-45000-C;1649518271071;open;0.21813228;492.0;0.0001;0.7165;0.21694068;0.22;BTC-30DEC22-45000-C;42363.97;;42363.97;;0.2165;2.6;0.0;0.0;;6.9;0.0;0.22;0.22;44081.55;BTC-30DEC22;67.09;0.0;66.96;0.0;145.16479;-18.39787;121.9865;2e-05;0.59854;264.0;45000.0;1.6723944e+18;1.061971963940152
BTC-27MAY22-20000-C;1649518271069;open;0.53175472;12.0;0.0315;1.031;0.53129694;0.521;BTC-27MAY22-20000-C;42363.97;;42363.97;;0.0005;5.1;0.0;0.0;;;;;;42513.88;BTC-27MAY22;100.82;0.0;0.0;0.0;4.85991;-5.13727;25.35716;0.0;0.98783;47.0;20000.0;1.6536456e+18;0.47198753952895645
BTC-15APR22-35000-P;1649518271069;open;0.00065432;735.0;0.0001;0.5005;0.00076844;0.0005;BTC-15APR22-35000-P;42363.97;;42363.97;;0.0005;12.0;0.001;12.0;;228.0;0.0;0.0005;0.0005;42375.43;BTC-15APR22;77.11;0.0;72.24;80.49;2.66224;-18.04982;-0.1433;1e-05;-0.02094;5.0;35000.0;1.6500168e+18;0.8259781941756738
BTC-22APR22-55000-P;1649518271069;open;0.26885898;0.0;0.0001;0.7985;0.2985287;;BTC-22APR22-55000-P;42363.97;;42363.97;;0.0;0.0;0.0;0.0;;;;;;42368.87;BTC-22APR22;59.54;0.0;0.0;0.0;2.26351;-5.31153;-18.96294;1e-05;-0.98913;12.0;55000.0;1.6506216e+18;1.2979657337046302
BTC-24JUN22-50000-P;1649518271071;open;0.22361973;620.0;0.0001;0.725;0.22520976;0.2015;BTC-24JUN22-50000-P;42363.97;;42363.97;;0.22;12.0;0.2305;1.5;;;;;;42690.32;BTC-24JUN22;61.58;0.0;58.41;64.73;70.90384;-28.84379;-78.71791;3e-05;-0.66401;75.0;50000.0;1.6560648e+18;1.1799688488223912
BTC-31MAR23-30000-P;1649518271071;open;0.12438689;9.5;0.0001;0.625;0.12536064;0.097;BTC-31MAR23-30000-P;42363.97;;42363.97;;0.092;12.0;0.0;0.0;;8.6;0.0;0.097;0.097;44681.33;BTC-31MAR23;81.21;0.0;68.4;0.0;117.60243;-13.42607;-134.98998;1e-05;-0.18466;355.0;30000.0;1.6802568e+18;0.7079813092934346
BTC-29APR22-40000-C;1649518271069;open;0.08575466;406.6;0.0001;0.5845;0.08453468;0.0835;BTC-29APR22-40000-C;42363.97;;42363.97;;0.05;0.1;0.0865;10.3;;12.0;0.0;0.0835;0.0835;42430.46;BTC-29APR22;56.56;0.0;0.0;58.96;34.43415;-49.46162;14.00823;6e-05;0.69664;19.0;40000.0;1.6512264e+18;0.9439750790579129
BTC-31MAR23-150000-C;1649518272076;open;0.03267726;17.4;0.0001;0.523;0.0234494;0.024;BTC-31MAR23-150000-C;42365.29;;42365.29;;0.0215;4.8;0.0;0.0;;17.2;0.0;0.024;0.024;44679.33;BTC-31MAR23;72.59;0.0;71.37;0.0;72.49054;-7.39747;29.61759;1e-05;0.09147;355.0;150000.0;1.6802568e+18;3.539906546467173
BTC-11APR22-44000-C;1649518272079;open;;0.1;0.0001;0.5115;0.01159203;0.001;BTC-11APR22-44000-C;42365.29;;42365.29;;0.001;6.0;0.0015;4.1;;0.1;0.0;0.001;0.001;42367.36904648;SYN.BTC-11APR22;95.99;0.0;39.64;44.02;9.89447;-281.51499;0.5495;0.00012;0.29224;1.0;44000.0;1.6496712e+18;1.0383725869637042
BTC-22APR22-48000-C;1649518272076;open;0.00597198;45.1;0.0001;0.504;0.00413678;0.004;BTC-22APR22-48000-C;42365.29;;42365.29;;0.0035;12.0;0.0045;12.0;;12.0;0.0;0.004;0.004;42367.81;BTC-22APR22;49.94;0.0;47.9;51.06;13.64352;-26.85437;1.38006;4e-05;0.09785;12.0;48000.0;1.6506216e+18;1.1327700948694954
BTC-31MAR23-50000-C;1649518272078;open;0.21455931;49.3;0.0001;0.7195;0.2199375;0.217;BTC-31MAR23-50000-C;42365.29;;42365.29;;0.0;0.0;0.2225;5.1;;6.2;0.0;0.217;0.217;44680.65;BTC-31MAR23;67.28;0.0;0.0;67.94;173.64683;-16.42334;150.08503;1e-05;0.56463;355.0;50000.0;1.6802568e+18;1.1799688488223912
BTC-11APR22-42000-C;1649518272078;open;;175.0;0.0001;0.5165;0.01697535;0.0376;BTC-11APR22-42000-C;42365.29;;42365.29;;0.0155;12.0;0.017;1.0;;1025.0;0.8043;0.0363;0.0393;42367.36904648;SYN.BTC-11APR22;45.0;0.0;39.28;45.1;10.98467;-146.5226;1.17659;0.00029;0.6179;1.0;42000.0;1.6496712e+18;0.9911738330108085
BTC-22APR22-45000-P;1649518272076;open;0.05654826;238.4;0.0001;0.577;0.07707372;0.0715;BTC-22APR22-45000-P;42365.29;;42365.29;;0.0735;3.2;0.081;7.0;;23.2;34.9057;0.053;0.0715;42367.81;BTC-22APR22;49.94;0.0;43.99;56.09;26.30877;-51.78324;-11.82673;8e-05;-0.72601;12.0;45000.0;1.6506216e+18;1.061971963940152
BTC-15APR22-42000-C;1649518272076;open;0.03147253;257.9;0.0001;0.529;0.02904723;0.0305;BTC-15APR22-42000-C;42365.29;;42365.29;;0.0105;0.1;0.03;12.0;;1646.9;-36.5904;0.029;0.0502;42375.79;BTC-15APR22;49.15;0.0;9.73;51.08;20.77777;-89.7853;3.57019;0.00015;0.5698;5.0;42000.0;1.6500168e+18;0.9911738330108085
BTC-30SEP22-25000-P;1649518272077;open;0.02732567;311.6;0.0001;0.5295;0.02966339;0.029;BTC-30SEP22-25000-P;42365.29;;42365.29;;0.029;6.7;0.0305;12.0;;38.6;-3.3333;0.029;0.03;43445.29;BTC-30SEP22;76.4;0.0;75.82;77.11;50.55172;-11.11774;-25.71906;1e-05;-0.09474;173.0;25000.0;1.664532e+18;0.5899844244111956
BTC-30SEP22-100000-P;1649518272077;open;1.32574008;30.2;0.831;1.8305;1.33069263;1.0;BTC-30SEP22-100000-P;42365.29;;42365.29;;0.0005;0.1;0.0;0.0;;;;;;43445.29;BTC-30SEP22;84.19;0.0;0.0;0.0;62.0683;-15.04318;-455.77882;1e-05;-0.87391;173.0;100000.0;1.664532e+18;2.3599376976447823
BTC-11APR22-45000-C;1649518272079;open;;0.0;0.0001;0.506;0.00646126;;BTC-11APR22-45000-C;42365.29;;42365.29;;0.0;0.0;0.0005;0.1;;;;;;42367.36904648;SYN.BTC-11APR22;95.99;0.0;0.0;49.4;7.72401;-219.76169;0.35231;0.0001;0.1864;1.0;45000.0;1.6496712e+18;1.061971963940152
BTC-11APR22-45000-P;1649518272077;open;;0.0;0.0001;0.5685;0.06859943;;BTC-11APR22-45000-P;42365.29;;42365.29;;0.0;0.0;0.0;0.0;;;;;;42367.36904648;SYN.BTC-11APR22;95.99;0.0;0.0;0.0;7.72401;-219.76169;-1.72731;0.0001;-0.8136;1.0;45000.0;1.6496712e+18;1.061971963940152
BTC-27MAY22-60000-C;1649518272076;open;0.02058669;267.0;0.0001;0.506;0.00621241;0.0055;BTC-27MAY22-60000-C;42365.29;;42365.29;;0.0055;12.0;0.0065;12.0;;36.3;-15.3846;0.0055;0.0065;42512.95;BTC-27MAY22;60.18;0.0;58.67;60.77;20.65248;-13.0317;3.54797;1e-05;0.07009;47.0;60000.0;1.6536456e+18;1.4159626185868692
BTC-15APR22-44000-C;1649518273083;open;0.01761976;326.3;0.0001;0.509;0.0092709;0.0095;BTC-15APR22-44000-C;42364.03;;42364.03;;0.009;10.5;0.01;12.0;;43.5;-29.6296;0.0095;0.0135;42377.39;BTC-15APR22;46.61;0.0;45.95;48.36;17.44754;-71.50237;1.71288;0.00013;0.2687;5.0;44000.0;1.6500168e+18;1.0383725869637042
BTC-15APR22-42000-P;1649518273083;open;0.02015262;241.9;0.0001;0.52;0.02016976;0.019;BTC-15APR22-42000-P;42364.03;;42364.03;;0.0;0.0;0.021;12.0;;71.0;3700.0;0.0005;0.0195;42377.39;BTC-15APR22;49.15;0.0;0.0;50.85;20.7763;-89.77896;-2.97194;0.00015;-0.42995;5.0;42000.0;1.6500168e+18;0.9911738330108085
BTC-24JUN22-250000-P;1649518273087;open;4.90559127;0.0;4.3605;5.466;4.86030811;;BTC-24JUN22-250000-P;42364.03;;42364.03;;0.0015;2.0;0.0;0.0;;;;;;42690.47;BTC-24JUN22;160.0;0.0;0.0;0.0;9.2616;-9.7894;-517.03738;0.0;-0.98038;75.0;250000.0;1.6560648e+18;5.899844244111955
BTC-15APR22-44000-P;1649518273083;open;0.05337985;319.9;0.0001;0.5475;0.04756728;0.0455;BTC-15APR22-44000-P;42364.03;;42364.03;;0.0455;6.3;0.0495;11.1;;3.0;2933.3333;0.001;0.0455;42377.39;BTC-15APR22;46.61;0.0;41.47;51.23;17.44754;-71.50237;-5.14245;0.00013;-0.7313;5.0;44000.0;1.6500168e+18;1.0383725869637042
BTC-24JUN22-80000-C;1649518273086;open;0.05718369;192.8;0.0001;0.595;0.0951829;0.0105;BTC-24JUN22-80000-C;42364.03;;42364.03;;0.0095;1.0;0.0;0.0;;;;;;42690.47;BTC-24JUN22;155.0;0.0;81.76;0.0;67.14419;-68.75268;17.74752;1e-05;0.29567;75.0;80000.0;1.6560648e+18;1.8879501581158258
BTC-24JUN22-80000-P;1649518273084;open;0.92635917;36.6;0.4695;1.469;0.96913787;0.773;BTC-24JUN22-80000-P;42364.03;;42364.03;;0.1;1.0;2.0;0.1;;;;;;42691.73;BTC-24JUN22;155.0;0.0;0.0;500.0;67.14768;-68.75625;-148.14009;1e-05;-0.70432;75.0;80000.0;1.6560648e+18;1.8879501581158258
BTC-24JUN22-70000-P;1649518273084;open;0.85031156;43.3;0.1665;1.166;0.66626346;0.651;BTC-24JUN22-70000-P;42364.03;;42364.03;;0.642;3.2;0.0;0.0;;24.5;0.0;0.651;0.652;42691.73;BTC-24JUN22;88.08;0.0;53.18;0.0;45.51843;-26.48513;-134.14064;1e-05;-0.84905;75.0;70000.0;1.6560648e+18;1.6519563883513475
BTC-30DEC22-150000-P;1649518273086;open;2.42172977;10.8;1.9295;2.929;2.42910846;2.265;BTC-30DEC22-150000-P;42364.03;;42364.03;;0.0005;0.1;3.2;5.0;;;;;;44081.95;BTC-30DEC22;86.82;0.0;0.0;369.51;65.44224;-10.7325;-1064.49799;1e-05;-0.90091;264.0;150000.0;1.6723944e+18;3.539906546467173
BTC-27MAY22-45000-C;1649518273084;open;0.07918721;222.0;0.0001;0.578;0.07814234;0.128;BTC-27MAY22-45000-C;42364.03;;42364.03;;0.0;0.0;0.0;0.0;;;;;;42514.35;BTC-27MAY22;70.83;0.0;0.0;0.0;61.0354;-45.3266;21.35246;4e-05;0.46258;47.0;45000.0;1.6536456e+18;1.061971963940152
BTC-30DEC22-35000-P;1649518273086;open;0.12439484;651.2;0.0001;0.619;0.11918303;0.1189;BTC-30DEC22-35000-P;42364.03;;42364.03;;0.1185;2.8;0.1205;7.0;;602.0;5.2212;0.1115;0.124;44081.95;BTC-30DEC22;68.88;0.0;68.62;69.37;118.31076;-15.39378;-116.79103;1e-05;-0.24617;264.0;35000.0;1.6723944e+18;0.8259781941756738
BTC-30SEP22-30000-P;1649518273083;open;0.04640602;1511.7;0.0001;0.5495;0.04952917;0.053;BTC-30SEP22-30000-P;42364.03;;42364.03;;0.0;0.0;0.0545;2.5;;20.7;-1.8519;0.053;0.054;43446.93;BTC-30SEP22;69.56;0.0;0.0;72.55;71.67003;-14.35163;-42.45625;1e-05;-0.15584;173.0;30000.0;1.664532e+18;0.7079813092934346
BTC-30SEP22-65000-P;1649518274093;open;0.57663827;125.1;0.0565;1.056;0.55632173;0.772;BTC-30SEP22-65000-P;42364.01;;42364.01;;0.496;10.0;0.0;0.0;;10.2;0.0;0.7695;0.774;43446.04;BTC-30SEP22;67.63;0.0;0.0;0.0;98.02327;-19.0838;-267.12839;2e-05;-0.73575;173.0;65000.0;1.664532e+18;1.5339595034691085
BTC-24JUN22-100000-P;1649518274091;open;1.40113633;21.0;0.9065;1.906;1.40623293;0.81;BTC-24JUN22-100000-P;42364.01;;42364.01;;0.3;0.1;0.0;0.0;;;;;;42690.44;BTC-24JUN22;160.0;0.0;0.0;0.0;56.13628;-59.33534;-194.36149;1e-05;-0.7893;75.0;100000.0;1.6560648e+18;2.3599376976447823
BTC-15APR22-46000-P;1649518274092;open;0.08980081;227.9;0.0001;0.5875;0.08774939;0.084;BTC-15APR22-46000-P;42364.01;;42364.01;;0.0;0.0;0.09;9.2;;34.7;-7.1823;0.084;0.0905;42376.14;BTC-15APR22;46.93;0.0;0.0;56.67;8.23751;-33.987;-6.61987;6e-05;-0.91491;5.0;46000.0;1.6500168e+18;1.0855713409166
BTC-27MAY22-45000-P;1649518274091;open;0.13573679;221.6;0.0001;0.6365;0.13662114;0.096;BTC-27MAY22-45000-P;42364.01;;42364.01;;0.0;0.0;0.0;0.0;;;;;;42513.24;BTC-27MAY22;70.83;0.0;0.0;0.0;61.03322;-45.32498;-37.44175;4e-05;-0.53746;47.0;45000.0;1.6536456e+18;1.061971963940152
BTC-29APR22-35000-C;1649518274093;open;0.1872373;87.2;0.0001;0.682;0.18215736;0.0005;BTC-29APR22-35000-C;42364.01;;42364.01;;0.0005;2.1;0.0;0.0;;25.5;0.0;0.0005;0.0005;42429.6;BTC-29APR22;66.24;0.0;0.0;0.0;16.26995;-27.36988;16.61051;3e-05;0.90796;19.0;35000.0;1.6512264e+18;0.8259781941756738
BTC-24JUN22-75000-P;1649518274091;open;0.75261038;217.1;0.366;1.3655;0.86551363;0.914;BTC-24JUN22-75000-P;42364.01;;42364.01;;0.0005;0.1;0.0;0.0;;;;;;42690.42;BTC-24JUN22;155.0;0.0;0.0;0.0;70.22843;-71.9108;-136.11084;1e-05;-0.67201;75.0;75000.0;1.6560648e+18;1.7699532732335865
BTC-15APR22-55000-P;1649518274092;open;0.29479801;3.6;0.0001;0.7975;0.29796839;0.772;BTC-15APR22-55000-P;42364.01;;42364.01;;0.0;0.0;0.895;4.0;;;;;;42376.14;BTC-15APR22;73.4;0.0;0.0;500.0;0.41823;-2.69887;-8.55276;0.0;-0.99745;5.0;55000.0;1.6500168e+18;1.2979657337046302
BTC-15APR22-55000-C;1649518274092;open;9.79e-05;52.4;0.0001;0.5;6.79e-05;0.501;BTC-15APR22-55000-C;42364.01;;42364.01;;0.0;0.0;0.0005;12.0;;;;;;42376.14;BTC-15APR22;73.4;0.0;0.0;91.5;0.41823;-2.69887;0.0164;0.0;0.00255;5.0;55000.0;1.6500168e+18;1.2979657337046302
BTC-30SEP22-70000-P;1649518274092;open;0.68192548;42.8;0.176;1.1755;0.67580268;0.6177;BTC-30SEP22-70000-P;42364.01;;42364.01;;0.1;1.0;0.0;0.0;;;;;;43446.04;BTC-30SEP22;76.16;0.0;0.0;0.0;97.10032;-21.29002;-292.82877;1e-05;-0.74058;173.0;70000.0;1.664532e+18;1.6519563883513475
BTC-24JUN22-65000-C;1649518274091;open;0.04693175;295.7;0.0001;0.537;0.03710607;0.0305;BTC-24JUN22-65000-C;42364.01;;42364.01;;0.0305;17.7;0.0;0.0;;5.0;0.0;0.0305;0.0305;42690.44;BTC-24JUN22;88.08;0.0;82.69;0.0;54.14713;-31.50578;14.27089;2e-05;0.19831;75.0;65000.0;1.6560648e+18;1.5339595034691085
BTC-24JUN22-30000-P;1649518274091;open;0.01776919;232.0;0.0001;0.52;0.0204978;0.0195;BTC-24JUN22-30000-P;42364.01;;42364.01;;0.02;9.3;0.021;8.4;;27.8;11.4286;0.0175;0.0195;42690.44;BTC-24JUN22;73.06;0.0;72.47;73.64;36.54589;-17.63894;-11.54946;1e-05;-0.10997;75.0;30000.0;1.6560648e+18;0.7079813092934346
BTC-30DEC22-55000-P;1649518275099;open;0.39518;125.1;0.0001;0.8945;0.39478929;0.372;BTC-30DEC22-55000-P;42363.45;;42363.45;;0.0;0.0;0.6675;0.1;;;;;;44082.32;BTC-30DEC22;67.13;0.0;0.0;150.22;148.99329;-18.89286;-298.93192;2e-05;-0.54034;264.0;55000.0;1.6723944e+18;1.2979657337046302
BTC-24JUN22-200000-P;1649518275100;open;3.68230941;101.2;3.1945;4.196;3.69405224;3.452;BTC-24JUN22-200000-P;42363.45;;42363.45;;0.1;0.1;3.9;0.1;;;;;;42690.39;BTC-24JUN22;160.0;0.0;0.0;330.11;16.6161;-17.56301;-412.02772;0.0;-0.9604;75.0;200000.0;1.6560648e+18;4.719875395289565
BTC-30SEP22-45000-C;1649518275098;open;0.1928153;258.8;0.0001;0.6695;0.1699397;0.1715;BTC-30SEP22-45000-C;42363.45;;42363.45;;0.169;0.9;0.171;12.0;;3.5;0.0;0.1715;0.1715;43446.38;BTC-30SEP22;67.47;0.0;67.12;67.86;118.09562;-22.93684;81.14973;2e-05;0.56246;173.0;45000.0;1.664532e+18;1.061971963940152
BTC-29APR22-35000-P;1649518275098;open;0.0102785;343.4;0.0001;0.507;0.00703283;0.007;BTC-29APR22-35000-P;42363.45;;42363.45;;0.0065;12.0;0.007;2.8;;25.0;0.0;0.007;0.007;42429.69;BTC-29APR22;66.24;0.0;64.82;66.15;16.26969;-27.36944;-2.2672;3e-05;-0.09204;19.0;35000.0;1.6512264e+18;0.8259781941756738
BTC-11APR22-41000-C;1649518275100;open;;0.0;0.0001;0.5345;0.03495648;;BTC-11APR22-41000-C;42363.45;;42363.45;;0.033;0.2;0.0375;0.2;;;;;;42367.60771692;SYN.BTC-11APR22;48.19;0.0;33.18;62.23;6.84422;-97.76893;1.58731;0.00017;0.84565;1.0;41000.0;1.6496712e+18;0.9675744560343607
BTC-30DEC22-100000-P;1649518275097;open;1.32283084;161.8;0.8275;1.827;1.3274516;1.49;BTC-30DEC22-100000-P;42363.45;;42363.45;;0.01;0.1;0.0;0.0;;9.5;0.0;1.49;1.49;44082.32;BTC-30DEC22;81.63;0.0;0.0;0.0;106.04892;-16.35245;-679.11177;1e-05;-0.79696;264.0;100000.0;1.6723944e+18;2.3599376976447823
BTC-30SEP22-40000-P;1649518276104;open;0.11943815;805.0;0.0001;0.628;0.1281397;0.1385;BTC-30SEP22-40000-P;42363.67;;42363.67;;0.113;9.7;0.142;2.9;;6.6;0.0;0.1385;0.1385;43446.18;BTC-30SEP22;62.87;0.0;56.89;68.35;110.0416;-19.91654;-97.16748;2e-05;-0.34186;173.0;40000.0;1.664532e+18;0.9439750790579129
BTC-30SEP22-35000-P;1649518276104;open;0.08631311;740.5;0.0001;0.59;0.09047562;0.0905;BTC-30SEP22-35000-P;42363.67;;42363.67;;0.0895;5.5;0.0;0.0;;10.5;12.4224;0.0805;0.0915;43446.18;BTC-30SEP22;69.48;0.0;69.03;0.0;94.19142;-18.83958;-69.33268;2e-05;-0.24488;173.0;35000.0;1.664532e+18;0.8259781941756738
BTC-30DEC22-30000-P;1649518276105;open;0.07700671;318.4;0.0001;0.5725;0.07266977;0.075;BTC-30DEC22-30000-P;42363.67;;42363.67;;0.03;1.3;0.078;12.0;;2.3;1.3514;0.074;0.075;44082.19;BTC-30DEC22;68.88;0.0;47.45;71.33;95.42419;-12.41594;-77.95967;1e-05;-0.1712;264.0;30000.0;1.6723944e+18;0.7079813092934346
BTC-30SEP22-80000-P;1649518276104;open;0.89396777;68.1;0.3995;1.399;0.89926025;0.8236;BTC-30SEP22-80000-P;42363.67;;42363.67;;0.8415;18.0;0.0;0.0;;;;;;43446.18;BTC-30SEP22;84.19;0.0;30.28;0.0;89.51702;-21.69578;-346.47307;1e-05;-0.77662;173.0;80000.0;1.664532e+18;1.8879501581158258
BTC-15APR22-50000-C;1649518276106;open;0.00109456;170.4;0.0001;0.5;0.00041718;0.0005;BTC-15APR22-50000-C;42363.67;;42363.67;;0.0;0.0;0.0005;1.0;;;;;;42375.88;BTC-15APR22;60.62;0.0;0.0;62.19;2.09848;-11.18513;0.10179;1e-05;0.01583;5.0;50000.0;1.6500168e+18;1.1799688488223912
BTC-22APR22-44000-C;1649518276105;open;0.02737918;244.1;0.0001;0.5215;0.02166067;0.022;BTC-22APR22-44000-C;42363.67;;42363.67;;0.0215;12.0;0.0225;12.0;;228.6;15.7895;0.019;0.029;42367.69;BTC-22APR22;49.94;0.0;49.71;51.15;29.54052;-58.14426;4.97706;9e-05;0.35963;12.0;44000.0;1.6506216e+18;1.0383725869637042
BTC-30SEP22-60000-C;1649518276106;open;0.1054486;283.2;0.0001;0.578;0.07819734;0.0785;BTC-30SEP22-60000-C;42363.67;;42363.67;;0.0005;10.0;0.0785;3.4;;24.9;0.0;0.0785;0.079;43446.4;BTC-30SEP22;67.63;0.0;19.87;67.75;107.62424;-20.95298;50.65668;2e-05;0.32322;173.0;60000.0;1.664532e+18;1.4159626185868692
BTC-27MAY22-60000-P;1649518276106;open;0.42931947;36.9;0.0001;0.9175;0.41753237;0.0005;BTC-27MAY22-60000-P;42363.67;;42363.67;;0.0005;0.1;0.0;0.0;;0.1;0.0;0.0005;0.0005;42512.98;BTC-27MAY22;60.18;0.0;0.0;0.0;20.6526;-13.03177;-74.84127;1e-05;-0.92991;47.0;60000.0;1.6536456e+18;1.4159626185868692
BTC-27MAY22-20000-P;1649518276106;open;0.00133232;684.5;0.0001;0.5015;0.00173578;0.0015;BTC-27MAY22-20000-P;42363.67;;42363.67;;0.0;0.0;0.002;12.0;;156.0;0.0;0.0015;0.0015;42512.98;BTC-27MAY22;100.82;0.0;0.0;103.02;4.86044;-5.13784;-0.7727;0.0;-0.01218;47.0;20000.0;1.6536456e+18;0.47198753952895645
BTC-30SEP22-150000-C;1649518276104;open;0.01321262;123.0;0.0001;0.506;0.00614845;0.0045;BTC-30SEP22-150000-C;42363.67;;42363.67;;0.0035;12.0;0.0;0.0;;60.5;0.0;0.0045;0.0045;43446.18;BTC-30SEP22;84.19;0.0;77.93;0.0;21.87142;-5.30087;5.47917;0.0;0.03265;173.0;150000.0;1.664532e+18;3.539906546467173
BTC-30SEP22-55000-P;1649518276104;open;0.38863468;212.5;0.0001;0.867;0.36705291;0.5895;BTC-30SEP22-55000-P;42363.67;;42363.67;;0.288;0.5;0.0;0.0;;9.0;0.0849;0.5875;0.5905;43446.18;BTC-30SEP22;67.48;0.0;34.22;0.0;115.1634;-22.37112;-201.56283;2e-05;-0.6079;173.0;55000.0;1.664532e+18;1.2979657337046302
BTC-30DEC22-200000-P;1649518277112;open;3.54937893;9.8;3.054;4.0535;3.55351759;4.477;BTC-30DEC22-200000-P;42363.54;;42363.54;;0.0005;0.1;4.5;5.0;;;;;;44082.37;BTC-30DEC22;92.44;0.0;0.0;500.0;46.6313;-8.14248;-1435.38058;0.0;-0.93669;264.0;200000.0;1.6723944e+18;4.719875395289565
BTC-31MAR23-200000-P;1649518277112;open;3.47716765;0.0;2.9885;3.988;3.48804341;;BTC-31MAR23-200000-P;42363.54;;42363.54;;0.0;0.0;0.0;0.0;;;;;;44675.37;BTC-31MAR23;74.54;0.0;0.0;0.0;43.69755;-4.57888;-1933.20425;0.0;-0.95245;355.0;200000.0;1.6802568e+18;4.719875395289565
BTC-15APR22-48000-C;1649518277114;open;0.00331062;86.2;0.0001;0.5005;0.00064302;0.0005;BTC-15APR22-48000-C;42363.54;;42363.54;;0.0005;2.6;0.001;12.0;;36.6;-90.9091;0.0005;0.0055;42375.79;BTC-15APR22;50.99;0.0;49.01;54.97;3.30118;-14.80037;0.17429;2e-05;0.02704;5.0;48000.0;1.6500168e+18;1.1327700948694954
BTC-30SEP22-75000-P;1649518277112;open;0.78319951;21.4;0.2785;1.278;0.77845762;0.925;BTC-30SEP22-75000-P;42363.54;;42363.54;;0.0;0.0;0.0;0.0;;;;;;43446.73;BTC-30SEP22;76.16;0.0;0.0;0.0;88.45077;-19.39354;-322.45464;1e-05;-0.78125;173.0;75000.0;1.664532e+18;1.7699532732335865
BTC-22APR22-35000-C;1649518277112;open;0.19429645;3.0;0.0001;0.6765;0.17655802;0.06;BTC-22APR22-35000-C;42363.54;;42363.54;;0.0;0.0;0.0;0.0;;;;;;42367.74;BTC-22APR22;64.8;0.0;0.0;0.0;8.18878;-20.91293;11.3851;2e-05;0.94967;12.0;35000.0;1.6506216e+18;0.8259781941756738
BTC-30SEP22-65000-C;1649518277114;open;0.08550136;154.9;0.0001;0.56;0.06024012;0.0615;BTC-30SEP22-65000-C;42363.54;;42363.54;;0.059;12.0;0.061;5.5;;37.2;-26.3473;0.06;0.0835;43446.73;BTC-30SEP22;67.63;0.0;67.08;67.96;98.02693;-19.08452;42.17918;2e-05;0.26426;173.0;65000.0;1.664532e+18;1.5339595034691085
BTC-30DEC22-25000-P;1649518277114;open;0.04551193;260.9;0.0001;0.545;0.04505621;0.0455;BTC-30DEC22-25000-P;42363.54;;42363.54;;0.0445;4.1;0.046;7.0;;0.4;0.0;0.0455;0.0455;44082.24;BTC-30DEC22;73.27;0.0;72.93;73.86;71.06897;-9.83711;-49.90219;1e-05;-0.11105;264.0;25000.0;1.6723944e+18;0.5899844244111956
BTC-22APR22-50000-P;1649518277112;open;0.15577729;24.3;0.0001;0.682;0.18200231;0.1445;BTC-22APR22-50000-P;42363.54;;42363.54;;0.0;0.0;0.0;0.0;;;;;;42367.74;BTC-22APR22;51.82;0.0;0.0;0.0;7.86614;-16.06613;-16.70172;2e-05;-0.95214;12.0;50000.0;1.6506216e+18;1.1799688488223912
BTC-30SEP22-45000-P;1649518277114;open;0.22514085;282.5;0.0001;0.7055;0.20570521;0.208;BTC-30SEP22-45000-P;42363.54;;42363.54;;0.203;1.8;0.208;1.3;;3.2;0.241;0.2075;0.208;43446.73;BTC-30SEP22;67.47;0.0;66.48;68.32;118.09625;-22.93696;-132.98327;2e-05;-0.43753;173.0;45000.0;1.664532e+18;1.061971963940152
BTC-30SEP22-30000-C;1649518277112;open;0.35818898;349.7;0.0001;0.859;0.35901547;0.3665;BTC-30SEP22-30000-C;42363.54;;42363.54;;0.0;0.0;0.4;11.0;;;;;;43446.73;BTC-30SEP22;69.56;0.0;0.0;92.85;71.6704;-14.3517;100.29956;1e-05;0.84416;173.0;30000.0;1.664532e+18;0.7079813092934346
BTC-31MAR23-55000-P;1649518277113;open;0.43140448;0.0;0.0001;0.9345;0.4345504;;BTC-31MAR23-55000-P;42363.54;;42363.54;;0.0;0.0;0.0;0.0;;;;;;44675.37;BTC-31MAR23;71.15;0.0;0.0;0.0;175.67273;-17.57093;-397.28435;1e-05;-0.478;355.0;55000.0;1.6802568e+18;1.2979657337046302
BTC-30DEC22-40000-P;1649518277115;open;0.18237535;696.4;0.0001;0.6615;0.1618292;0.1575;BTC-30DEC22-40000-P;42363.54;;42363.54;;0.0;0.0;0.161;0.5;;;;;;44082.24;BTC-30DEC22;64.05;0.0;0.0;63.78;135.28495;-16.36764;-155.95629;1e-05;-0.32604;264.0;40000.0;1.6723944e+18;0.9439750790579129
BTC-29APR22-30000-C;1649518277112;open;0.29580075;171.5;0.0001;0.794;0.29437962;0.3;BTC-29APR22-30000-C;42363.54;;42363.54;;0.0005;0.1;0.0;0.0;;;;;;42429.57;BTC-29APR22;76.46;0.0;0.0;0.0;4.89763;-9.51062;15.67604;1e-05;0.97937;19.0;30000.0;1.6512264e+18;0.7079813092934346
BTC-31MAR23-60000-P;1649518278120;open;0.45443264;0.0;0.005;1.0045;0.50495302;0.4635;BTC-31MAR23-60000-P;42363.69;;42363.69;;0.4315;5.0;0.5755;5.0;;0.4;-3.0335;0.4635;0.478;44674.83;BTC-31MAR23;67.38;0.0;48.14;85.32;174.86192;-16.56369;-456.71301;1e-05;-0.54411;355.0;60000.0;1.6802568e+18;1.4159626185868692
BTC-31MAR23-50000-P;1649518278118;open;0.32972044;96.8;0.0001;0.839;0.33907643;0.38;BTC-31MAR23-50000-P;42363.69;;42363.69;;0.2975;7.0;0.0;0.0;;9.0;8.5714;0.35;0.38;44674.68;BTC-31MAR23;67.28;0.0;56.64;0.0;173.62931;-16.42169;-337.19166;1e-05;-0.43545;355.0;50000.0;1.6802568e+18;1.1799688488223912
BTC-22APR22-40000-C;1649518278118;open;0.08711538;95.4;0.0001;0.5735;0.07375907;0.0765;BTC-22APR22-40000-C;42363.69;;42363.69;;0.071;3.9;0.0;0.0;;50.6;0.0;0.0765;0.0765;42367.67;BTC-22APR22;54.98;0.0;50.44;0.0;26.12516;-56.60356;9.66161;8e-05;0.72984;12.0;40000.0;1.6506216e+18;0.9439750790579129
BTC-15APR22-40000-C;1649518278118;open;0.0652062;386.0;0.0001;0.5635;0.06352881;0.104;BTC-15APR22-40000-C;42363.69;;42363.69;;0.0;0.0;0.104;0.1;;1915.9;17.6471;0.0631;0.107;42375.83;BTC-15APR22;55.01;0.0;0.0;150.15;14.39538;-69.63029;4.92245;9e-05;0.8091;5.0;40000.0;1.6500168e+18;0.9439750790579129
BTC-31MAR23-60000-C;1649518278118;open;0.11623929;9.7;0.0001;0.6615;0.16193113;0.1655;BTC-31MAR23-60000-C;42363.69;;42363.69;;0.1585;12.0;0.0;0.0;;8.6;4.0881;0.159;0.1655;44674.68;BTC-31MAR23;67.38;0.0;66.51;0.0;174.86124;-16.56363;127.97676;1e-05;0.45589;355.0;60000.0;1.6802568e+18;1.4159626185868692
BTC-22APR22-45000-C;1649518278119;open;0.01903524;26.1;0.0001;0.5145;0.01496626;0.015;BTC-22APR22-45000-C;42363.69;;42363.69;;0.0145;12.0;0.0155;12.0;;18.8;0.0;0.015;0.015;42367.67;BTC-22APR22;49.94;0.0;49.19;50.8;26.30812;-51.78196;3.81437;8e-05;0.27398;12.0;45000.0;1.6506216e+18;1.061971963940152
BTC-29APR22-30000-P;1649518278118;open;0.00126464;593.8;0.0001;0.501;0.00143537;0.001;BTC-29APR22-30000-P;42363.69;;42363.69;;0.001;12.0;0.0015;10.0;;159.4;0.0;0.001;0.002;42429.54;BTC-29APR22;76.46;0.0;72.26;77.01;4.89767;-9.51069;-0.50491;1e-05;-0.02063;19.0;30000.0;1.6512264e+18;0.7079813092934346
BTC-24JUN22-200000-C;1649518278120;open;0.00937073;569.9;0.0001;0.509;0.00916233;0.0005;BTC-24JUN22-200000-C;42363.69;;42363.69;;0.0;0.0;0.0;0.0;;72.0;0.0;0.0005;0.0005;42690.08;BTC-24JUN22;160.0;0.0;0.0;0.0;16.61569;-17.56257;2.69443;0.0;0.0396;75.0;200000.0;1.6560648e+18;4.719875395289565
BTC-27MAY22-40000-C;1649518278118;open;0.12965598;588.7;0.0001;0.6175;0.11782229;0.1375;BTC-27MAY22-40000-C;42363.69;;42363.69;;0.116;4.7;0.0;0.0;;;;;;42513.37;BTC-27MAY22;60.89;0.0;59.53;0.0;56.88256;-36.31695;29.59181;4e-05;0.65059;47.0;40000.0;1.6536456e+18;0.9439750790579129
BTC-24JUN22-75000-C;1649518279125;open;0.00025837;231.8;0.0001;0.6085;0.10872386;0.014;BTC-24JUN22-75000-C;42364.23;;42364.23;;0.014;1.0;0.0;0.0;;;;;;42690.08;BTC-24JUN22;155.0;0.0;81.96;0.0;70.22752;-71.90987;19.40964;1e-05;0.32799;75.0;75000.0;1.6560648e+18;1.7699532732335865
BTC-15APR22-46000-C;1649518279128;open;0.00696072;99.3;0.0001;0.502;0.00223233;0.0025;BTC-15APR22-46000-C;42364.23;;42364.23;;0.002;12.0;0.003;12.0;;35.1;-66.6667;0.0025;0.0075;42376.56;BTC-15APR22;46.93;0.0;45.69;50.6;8.2395;-33.99523;0.54724;6e-05;0.08512;5.0;46000.0;1.6500168e+18;1.0855713409166
BTC-15APR22-40000-P;1649518279127;open;0.00680627;687.0;0.0001;0.507;0.00746312;0.0075;BTC-15APR22-40000-P;42364.23;;42364.23;;0.0065;12.0;0.0075;12.0;;68.5;15.3846;0.0065;0.0075;42376.56;BTC-15APR22;55.01;0.0;52.13;55.13;14.39247;-69.61621;-1.30921;9e-05;-0.19083;5.0;40000.0;1.6500168e+18;0.9439750790579129
BTC-11APR22-39000-C;1649518279125;open;;0.0;0.0001;0.584;0.08446983;;BTC-11APR22-39000-C;42364.23;;42364.23;;0.0;0.0;0.0;0.0;;;;;;42367.33510195;SYN.BTC-11APR22;111.0;0.0;0.0;0.0;6.03231;-198.47951;1.54167;7e-05;0.87186;1.0;39000.0;1.6496712e+18;0.920375702081465
BTC-31MAR23-35000-P;1649518279126;open;0.18008283;1.4;0.0001;0.681;0.18149395;0.0005;BTC-31MAR23-35000-P;42364.23;;42364.23;;0.0;0.0;0.0;0.0;;1.0;0.0;0.0005;0.0005;44674.29;BTC-31MAR23;81.21;0.0;0.0;0.0;137.19737;-15.66312;-183.63727;1e-05;-0.24032;355.0;35000.0;1.6802568e+18;0.8259781941756738
BTC-27MAY22-35000-C;1649518279128;open;0.20756451;3.2;0.0001;0.7015;0.20154824;0.3105;BTC-27MAY22-35000-C;42364.23;;42364.23;;0.0;0.0;0.2955;0.1;;;;;;42513.65;BTC-27MAY22;65.56;0.0;0.0;150.24;39.44376;-27.11561;34.69326;3e-05;0.82617;47.0;35000.0;1.6536456e+18;0.8259781941756738
BTC-11APR22-42000-P;1649518279127;open;;100.0;0.0001;0.508;0.00830463;0.026;BTC-11APR22-42000-P;42364.23;;42364.23;;0.007;12.0;0.008;4.8;;1250.0;-6.81;0.0254;0.0283;42367.33510195;SYN.BTC-11APR22;45.0;0.0;39.94;43.82;10.98475;-146.52363;-0.76441;0.00029;-0.38211;1.0;42000.0;1.6496712e+18;0.9911738330108085
BTC-24JUN22-45000-C;1649518279126;open;0.06119402;266.4;0.0001;0.5595;0.05950464;0.1445;BTC-24JUN22-45000-C;42364.23;;42364.23;;0.1245;33.6;0.0;0.0;;1.8;0.0;0.1445;0.1445;42690.08;BTC-24JUN22;45.0;0.0;80.87;0.0;76.63089;-22.78066;33.55209;5e-05;0.43853;75.0;45000.0;1.6560648e+18;1.061971963940152
BTC-24JUN22-100000-C;1649518279126;open;0.06466699;319.9;0.0001;0.5635;0.0638527;0.004;BTC-24JUN22-100000-C;42364.23;;42364.23;;0.004;0.3;0.0;0.0;;;;;;42690.08;BTC-24JUN22;160.0;0.0;89.19;0.0;56.13528;-59.33428;12.99932;1e-05;0.2107;75.0;100000.0;1.6560648e+18;2.3599376976447823
BTC-22APR22-60000-P;1649518279126;open;0.38393188;0.0;0.0001;0.916;0.4164939;;BTC-22APR22-60000-P;42364.23;;42364.23;;0.0;0.0;0.0;0.0;;;;;;42367.9;BTC-22APR22;74.35;0.0;0.0;0.0;1.6026;-4.69615;-20.75182;0.0;-0.99267;12.0;60000.0;1.6506216e+18;1.4159626185868692
BTC-15APR22-60000-C;1649518279126;open;0.00044567;81.2;0.0001;0.5;0.00033697;0.0005;BTC-15APR22-60000-C;42364.23;;42364.23;;0.0;0.0;0.0005;12.0;;6.5;0.0;0.0005;0.0005;42376.56;BTC-15APR22;111.67;0.0;0.0;117.02;1.11483;-10.94574;0.04829;0.0;0.00765;5.0;60000.0;1.6500168e+18;1.4159626185868692
BTC-31MAR23-100000-P;1649518280132;open;1.27607041;5.1;0.795;1.7945;1.29473443;1.2195;BTC-31MAR23-100000-P;42363.68;;42363.68;;0.0;0.0;1.282;0.1;;;;;;44674.3;BTC-31MAR23;68.77;0.0;0.0;63.91;122.85412;-11.87658;-912.64416;1e-05;-0.80164;355.0;100000.0;1.6802568e+18;2.3599376976447823
BTC-30SEP22-150000-P;1649518280135;open;2.4542978;0.5;1.959;2.9585;2.45860356;1.93;BTC-30SEP22-150000-P;42363.68;;42363.68;;0.0005;0.1;0.0;0.0;;;;;;43447.58;BTC-30SEP22;84.19;0.0;0.0;0.0;21.87437;-5.30158;-708.30139;0.0;-0.96734;173.0;150000.0;1.664532e+18;3.539906546467173
BTC-31MAR23-25000-P;1649518280133;open;0.0778909;0.1;0.0001;0.5785;0.07857176;0.042;BTC-31MAR23-25000-P;42363.68;;42363.68;;0.0;0.0;0.0;0.0;;;;;;44673.75;BTC-31MAR23;81.21;0.0;0.0;0.0;93.44368;-10.66799;-90.93377;1e-05;-0.13031;355.0;25000.0;1.6802568e+18;0.5899844244111956
BTC-30SEP22-200000-P;1649518280133;open;3.59451143;0.5;3.1055;4.105;3.60548258;3.745;BTC-30SEP22-200000-P;42363.68;;42363.68;;0.0005;0.1;0.0;0.0;;;;;;43447.58;BTC-30SEP22;87.19;0.0;0.0;0.0;9.78038;-2.45493;-949.55576;0.0;-0.98738;173.0;200000.0;1.664532e+18;4.719875395289565
BTC-31MAR23-35000-C;1649518280132;open;0.39947004;0.0;0.0001;0.898;0.39805067;;BTC-31MAR23-35000-C;42363.68;;42363.68;;0.0;0.0;0.0;0.0;;;;;;44674.3;BTC-31MAR23;81.21;0.0;0.0;0.0;137.19737;-15.66312;157.43231;1e-05;0.75968;355.0;35000.0;1.6802568e+18;0.8259781941756738
BTC-29APR22-25000-C;1649518280133;open;0.41255625;81.7;0.0001;0.911;0.41121948;0.0005;BTC-29APR22-25000-C;42363.68;;42363.68;;0.0005;0.1;0.0;0.0;;;;;;42430.36;BTC-29APR22;94.14;0.0;0.0;0.0;1.60623;-3.84032;13.34338;0.0;0.99428;19.0;25000.0;1.6512264e+18;0.5899844244111956
BTC-27MAY22-50000-C;1649518281139;open;0.04987163;510.3;0.0001;0.5275;0.02761089;0.0285;BTC-27MAY22-50000-C;42363.35;;42363.35;;0.0;0.0;0.028;2.5;;24.6;-5.0;0.0285;0.03;42513.84;BTC-27MAY22;57.2;0.0;0.0;57.54;48.61251;-29.15425;12.23539;4e-05;0.24789;47.0;50000.0;1.6536456e+18;1.1799688488223912
BTC-30DEC22-55000-C;1649518281139;open;0.15029225;272.1;0.0001;0.647;0.14712739;0.1485;BTC-30DEC22-55000-C;42363.35;;42363.35;;0.1465;3.6;0.0;0.0;;6.8;0.0;0.1485;0.1485;44082.96;BTC-30DEC22;67.13;0.0;66.94;0.0;148.99584;-18.89318;99.91444;2e-05;0.45967;264.0;55000.0;1.6723944e+18;1.2979657337046302
BTC-30DEC22-20000-C;1649518281139;open;0.58717798;146.7;0.087;1.0865;0.58682105;0.595;BTC-30DEC22-20000-C;42363.35;;42363.35;;0.566;1.0;0.6125;0.3;;24.0;0.0;0.595;0.595;44082.96;BTC-30DEC22;91.47;0.0;73.1;110.32;55.88508;-9.65657;106.4641;0.0;0.91986;264.0;20000.0;1.6723944e+18;0.47198753952895645
BTC-31MAR23-45000-P;1649518281142;open;0.23029866;300.1;0.0001;0.732;0.23245998;0.234;BTC-31MAR23-45000-P;42363.35;;42363.35;;0.0;0.0;0.234;298.8;;;;;;44672.95;BTC-31MAR23;58.69;0.0;0.0;59.1;169.30377;-13.9691;-271.34894;1e-05;-0.39085;355.0;45000.0;1.6802568e+18;1.061971963940152
BTC-31MAR23-200000-C;1649518281139;open;0.01652314;46.1;0.0001;0.511;0.01134221;0.0135;BTC-31MAR23-200000-C;42363.35;;42363.35;;0.0095;12.0;0.0135;3.2;;7.7;0.0;0.0135;0.0135;44673.28;BTC-31MAR23;74.54;0.0;72.55;76.63;43.69087;-4.57818;15.76181;0.0;0.04755;355.0;200000.0;1.6802568e+18;4.719875395289565
